[
    {
        "category": "General Reference",
        "image": "https://images.pexels.com/photos/29719977/pexels-photo-29719977/free-photo-of-woman-walking-dog-in-vibrant-city-street.jpeg?auto=compress&cs=tinysrgb&w=1260&h=750&dpr=1",
        "subCategory": [
            {
                "category": "sub Item 1",
                "image": "https://images.pexels.com/photos/29719977/pexels-photo-29719977/free-photo-of-woman-walking-dog-in-vibrant-city-street.jpeg?auto=compress&cs=tinysrgb&w=1260&h=750&dpr=1"
            },
            {
                "category": "sub Item 2",
                "image": "https://images.pexels.com/photos/29719977/pexels-photo-29719977/free-photo-of-woman-walking-dog-in-vibrant-city-street.jpeg?auto=compress&cs=tinysrgb&w=1260&h=750&dpr=1"
            },
            {
                "category": "sub Item 3",
                "image": "https://images.pexels.com/photos/29719977/pexels-photo-29719977/free-photo-of-woman-walking-dog-in-vibrant-city-street.jpeg?auto=compress&cs=tinysrgb&w=1260&h=750&dpr=1"
            }
        ]
    },
    {
        "category": "Work & Productivity",
        "image": "https://images.pexels.com/photos/29781717/pexels-photo-29781717/free-photo-of-cozy-coffee-scene-with-candlelight-ambiance.jpeg?auto=compress&cs=tinysrgb&w=1260&h=750&dpr=1"
    },
    {
        "category": "Learning & Education",
        "image": "https://images.pexels.com/photos/30122027/pexels-photo-30122027/free-photo-of-photographer-in-yellow-jacket-capturing-fall-nature.jpeg?auto=compress&cs=tinysrgb&w=1260&h=750&dpr=1",
        "subCategory": [
            {
                "category": "sub Item 1",
                "image": "https://images.pexels.com/photos/29719977/pexels-photo-29719977/free-photo-of-woman-walking-dog-in-vibrant-city-street.jpeg?auto=compress&cs=tinysrgb&w=1260&h=750&dpr=1"
            },
            {
                "category": "sub Item 2",
                "image": "https://images.pexels.com/photos/29719977/pexels-photo-29719977/free-photo-of-woman-walking-dog-in-vibrant-city-street.jpeg?auto=compress&cs=tinysrgb&w=1260&h=750&dpr=1"
            },
            {
                "category": "sub Item 3",
                "image": "https://images.pexels.com/photos/29719977/pexels-photo-29719977/free-photo-of-woman-walking-dog-in-vibrant-city-street.jpeg?auto=compress&cs=tinysrgb&w=1260&h=750&dpr=1"
            }
        ]
    },
    {
        "category": "Shopping & E-Commerce",
        "image": "https://images.pexels.com/photos/30487473/pexels-photo-30487473/free-photo-of-misty-winter-forest-path-covered-with-frost.png?auto=compress&cs=tinysrgb&w=1260&h=750&dpr=1"
    },
    {
        "category": "Entertainment & Leisure",
        "image": "https://images.pexels.com/photos/29690523/pexels-photo-29690523/free-photo-of-historic-architecture-in-pula-croatia.jpeg?auto=compress&cs=tinysrgb&w=1260&h=750&dpr=1"
    },
    {
        "category": "Social & Community",
        "image": "https://images.pexels.com/photos/30391116/pexels-photo-30391116/free-photo-of-open-white-door-leading-to-lush-greenery.jpeg?auto=compress&cs=tinysrgb&w=600&lazy=load"
    },
    {
        "category": "Personal Finance & Investment",
        "image": "https://images.pexels.com/photos/30358131/pexels-photo-30358131/free-photo-of-majestic-pine-trees-at-sunset-silhouette.jpeg?auto=compress&cs=tinysrgb&w=600&lazy=load"
    },
    {
        "category": "Health & Wellness",
        "image": "https://images.pexels.com/photos/30507468/pexels-photo-30507468/free-photo-of-delicious-sweet-potato-fries-in-rustic-bowl.jpeg?auto=compress&cs=tinysrgb&w=600&lazy=load"
    },
    {
        "category": "Travel & Local Resources",
        "image": "https://images.pexels.com/photos/30492157/pexels-photo-30492157/free-photo-of-cozy-reading-moment-with-coffee-and-books.jpeg?auto=compress&cs=tinysrgb&w=600&lazy=load"
    },
    {
        "category": "Development & Technology",
        "image": "https://images.pexels.com/photos/30189620/pexels-photo-30189620/free-photo-of-white-and-gray-cat-on-tree-in-sunlight.jpeg?auto=compress&cs=tinysrgb&w=600&lazy=load"
    },
    {
        "category": "Health & Wellness",
        "image": "https://images.pexels.com/photos/30507468/pexels-photo-30507468/free-photo-of-delicious-sweet-potato-fries-in-rustic-bowl.jpeg?auto=compress&cs=tinysrgb&w=600&lazy=load"
    },
    {
        "category": "Travel & Local Resources",
        "image": "https://images.pexels.com/photos/30492157/pexels-photo-30492157/free-photo-of-cozy-reading-moment-with-coffee-and-books.jpeg?auto=compress&cs=tinysrgb&w=600&lazy=load"
    },
    {
        "category": "Development & Technology",
        "image": "https://images.pexels.com/photos/30189620/pexels-photo-30189620/free-photo-of-white-and-gray-cat-on-tree-in-sunlight.jpeg?auto=compress&cs=tinysrgb&w=600&lazy=load"
    },
    {
        "category": "Health & Wellness",
        "image": "https://images.pexels.com/photos/30507468/pexels-photo-30507468/free-photo-of-delicious-sweet-potato-fries-in-rustic-bowl.jpeg?auto=compress&cs=tinysrgb&w=600&lazy=load"
    },
    {
        "category": "Travel & Local Resources",
        "image": "https://images.pexels.com/photos/30492157/pexels-photo-30492157/free-photo-of-cozy-reading-moment-with-coffee-and-books.jpeg?auto=compress&cs=tinysrgb&w=600&lazy=load"
    },
    {
        "category": "Development & Technology",
        "image": "https://images.pexels.com/photos/30189620/pexels-photo-30189620/free-photo-of-white-and-gray-cat-on-tree-in-sunlight.jpeg?auto=compress&cs=tinysrgb&w=600&lazy=load"
    },
    {
        "category": "Health & Wellness",
        "image": "https://images.pexels.com/photos/30507468/pexels-photo-30507468/free-photo-of-delicious-sweet-potato-fries-in-rustic-bowl.jpeg?auto=compress&cs=tinysrgb&w=600&lazy=load"
    },
    {
        "category": "Travel & Local Resources",
        "image": "https://images.pexels.com/photos/30492157/pexels-photo-30492157/free-photo-of-cozy-reading-moment-with-coffee-and-books.jpeg?auto=compress&cs=tinysrgb&w=600&lazy=load"
    },
    {
        "category": "Development & Technology",
        "image": "https://images.pexels.com/photos/30189620/pexels-photo-30189620/free-photo-of-white-and-gray-cat-on-tree-in-sunlight.jpeg?auto=compress&cs=tinysrgb&w=600&lazy=load"
    },
    {
        "category": "Health & Wellness",
        "image": "https://images.pexels.com/photos/30507468/pexels-photo-30507468/free-photo-of-delicious-sweet-potato-fries-in-rustic-bowl.jpeg?auto=compress&cs=tinysrgb&w=600&lazy=load"
    },
    {
        "category": "Travel & Local Resources",
        "image": "https://images.pexels.com/photos/30492157/pexels-photo-30492157/free-photo-of-cozy-reading-moment-with-coffee-and-books.jpeg?auto=compress&cs=tinysrgb&w=600&lazy=load"
    },
    {
        "category": "Development & Technology",
        "image": "https://images.pexels.com/photos/30189620/pexels-photo-30189620/free-photo-of-white-and-gray-cat-on-tree-in-sunlight.jpeg?auto=compress&cs=tinysrgb&w=600&lazy=load"
    },
    {
        "category": "Health & Wellness",
        "image": "https://images.pexels.com/photos/30507468/pexels-photo-30507468/free-photo-of-delicious-sweet-potato-fries-in-rustic-bowl.jpeg?auto=compress&cs=tinysrgb&w=600&lazy=load"
    },
    {
        "category": "Travel & Local Resources",
        "image": "https://images.pexels.com/photos/30492157/pexels-photo-30492157/free-photo-of-cozy-reading-moment-with-coffee-and-books.jpeg?auto=compress&cs=tinysrgb&w=600&lazy=load"
    },
    {
        "category": "Development & Technology",
        "image": "https://images.pexels.com/photos/30189620/pexels-photo-30189620/free-photo-of-white-and-gray-cat-on-tree-in-sunlight.jpeg?auto=compress&cs=tinysrgb&w=600&lazy=load"
    },
    {
        "category": "Health & Wellness",
        "image": "https://images.pexels.com/photos/30507468/pexels-photo-30507468/free-photo-of-delicious-sweet-potato-fries-in-rustic-bowl.jpeg?auto=compress&cs=tinysrgb&w=600&lazy=load"
    },
    {
        "category": "Travel & Local Resources",
        "image": "https://images.pexels.com/photos/30492157/pexels-photo-30492157/free-photo-of-cozy-reading-moment-with-coffee-and-books.jpeg?auto=compress&cs=tinysrgb&w=600&lazy=load"
    },
    {
        "category": "Development & Technology",
        "image": "https://images.pexels.com/photos/30189620/pexels-photo-30189620/free-photo-of-white-and-gray-cat-on-tree-in-sunlight.jpeg?auto=compress&cs=tinysrgb&w=600&lazy=load"
    },
    {
        "category": "Health & Wellness",
        "image": "https://images.pexels.com/photos/30507468/pexels-photo-30507468/free-photo-of-delicious-sweet-potato-fries-in-rustic-bowl.jpeg?auto=compress&cs=tinysrgb&w=600&lazy=load"
    },
    {
        "category": "Travel & Local Resources",
        "image": "https://images.pexels.com/photos/30492157/pexels-photo-30492157/free-photo-of-cozy-reading-moment-with-coffee-and-books.jpeg?auto=compress&cs=tinysrgb&w=600&lazy=load"
    },
    {
        "category": "Development & Technology",
        "image": "https://images.pexels.com/photos/30189620/pexels-photo-30189620/free-photo-of-white-and-gray-cat-on-tree-in-sunlight.jpeg?auto=compress&cs=tinysrgb&w=600&lazy=load"
    },
    {
        "category": "Health & Wellness",
        "image": "https://images.pexels.com/photos/30507468/pexels-photo-30507468/free-photo-of-delicious-sweet-potato-fries-in-rustic-bowl.jpeg?auto=compress&cs=tinysrgb&w=600&lazy=load"
    },
    {
        "category": "Travel & Local Resources",
        "image": "https://images.pexels.com/photos/30492157/pexels-photo-30492157/free-photo-of-cozy-reading-moment-with-coffee-and-books.jpeg?auto=compress&cs=tinysrgb&w=600&lazy=load"
    },
    {
        "category": "Development & Technology",
        "image": "https://images.pexels.com/photos/30189620/pexels-photo-30189620/free-photo-of-white-and-gray-cat-on-tree-in-sunlight.jpeg?auto=compress&cs=tinysrgb&w=600&lazy=load"
    },
    {
        "category": "Health & Wellness",
        "image": "https://images.pexels.com/photos/30507468/pexels-photo-30507468/free-photo-of-delicious-sweet-potato-fries-in-rustic-bowl.jpeg?auto=compress&cs=tinysrgb&w=600&lazy=load"
    },
    {
        "category": "Travel & Local Resources",
        "image": "https://images.pexels.com/photos/30492157/pexels-photo-30492157/free-photo-of-cozy-reading-moment-with-coffee-and-books.jpeg?auto=compress&cs=tinysrgb&w=600&lazy=load"
    },
    {
        "category": "Development & Technology",
        "image": "https://images.pexels.com/photos/30189620/pexels-photo-30189620/free-photo-of-white-and-gray-cat-on-tree-in-sunlight.jpeg?auto=compress&cs=tinysrgb&w=600&lazy=load"
    },
    {
        "category": "Health & Wellness",
        "image": "https://images.pexels.com/photos/30507468/pexels-photo-30507468/free-photo-of-delicious-sweet-potato-fries-in-rustic-bowl.jpeg?auto=compress&cs=tinysrgb&w=600&lazy=load"
    },
    {
        "category": "Travel & Local Resources",
        "image": "https://images.pexels.com/photos/30492157/pexels-photo-30492157/free-photo-of-cozy-reading-moment-with-coffee-and-books.jpeg?auto=compress&cs=tinysrgb&w=600&lazy=load"
    },
    {
        "category": "Development & Technology",
        "image": "https://images.pexels.com/photos/30189620/pexels-photo-30189620/free-photo-of-white-and-gray-cat-on-tree-in-sunlight.jpeg?auto=compress&cs=tinysrgb&w=600&lazy=load"
    },
    {
        "category": "Personal Projects & Notes",
        "image": "https://images.pexels.com/photos/30388034/pexels-photo-30388034/free-photo-of-tranquil-woman-in-forest-setting.jpeg?auto=compress&cs=tinysrgb&w=600&lazy=load"
    }
]